{
  "total_records": 4298389,
  "records_with_equity": 2058482,
  "by_street": {
    "turn": {
      "n": 605340,
      "mean": 0.5231384841575074,
      "p10": 0.05,
      "p25": 0.14166666666666666,
      "p50": 0.5875,
      "p75": 0.9,
      "p90": 0.975,
      "bluff_<0.30": 0.4268378101562758,
      "bluff_<0.40": 0.46967489344831004,
      "value_>0.60": 0.4977632404929461,
      "value_>0.70": 0.47052895893217034
    },
    "flop": {
      "n": 1174956,
      "mean": 0.5436322544563428,
      "p10": 0.13333333333333333,
      "p25": 0.24166666666666667,
      "p50": 0.6166666666666667,
      "p75": 0.8166666666666667,
      "p90": 0.925,
      "bluff_<0.30": 0.32360105399691563,
      "bluff_<0.40": 0.3916282822505694,
      "value_>0.60": 0.5066206734550059,
      "value_>0.70": 0.43755255515951236
    },
    "river": {
      "n": 278186,
      "mean": 0.5482321180792707,
      "p10": 0.0,
      "p25": 0.0,
      "p50": 1.0,
      "p75": 1.0,
      "p90": 1.0,
      "bluff_<0.30": 0.4355179628018664,
      "bluff_<0.40": 0.4355179628018664,
      "value_>0.60": 0.5319821989604078,
      "value_>0.70": 0.5319821989604078
    }
  },
  "histogram_bins": {
    "turn": [
      53968,
      49767,
      54746,
      45599,
      31444,
      22858,
      15981,
      9950,
      5155,
      3593,
      7157,
      3203,
      5731,
      9489,
      14818,
      23990,
      38755,
      56500,
      59718,
      92918
    ],
    "flop": [
      43316,
      40194,
      53480,
      76692,
      88595,
      77940,
      49112,
      30817,
      26170,
      30651,
      33905,
      25807,
      29175,
      47148,
      82664,
      106450,
      100724,
      78465,
      66263,
      87388
    ],
    "river": [
      121155,
      0,
      0,
      0,
      0,
      0,
      0,
      0,
      0,
      0,
      9041,
      0,
      0,
      0,
      0,
      0,
      0,
      0,
      0,
      147990
    ]
  },
  "by_sizing": {
    "two-thirds(0.55-0.85)": {
      "n": 719976,
      "mean_eq": 0.5446436756225098,
      "pct_bluff_lt0.4": 0.4263169883440559
    },
    "tiny(<0.33)": {
      "n": 245079,
      "mean_eq": 0.5046243252175868,
      "pct_bluff_lt0.4": 0.4530375919601435
    },
    "pot(0.85-1.25)": {
      "n": 155609,
      "mean_eq": 0.5361579610862205,
      "pct_bluff_lt0.4": 0.4141662757295529
    },
    "half(0.33-0.55)": {
      "n": 868005,
      "mean_eq": 0.542004279929213,
      "pct_bluff_lt0.4": 0.4093904989026561
    },
    "overbet(1.25-2.0)": {
      "n": 66523,
      "mean_eq": 0.5502393908873603,
      "pct_bluff_lt0.4": 0.39542714549854935
    },
    "huge(>=2.0)": {
      "n": 3290,
      "mean_eq": 0.49572188449848015,
      "pct_bluff_lt0.4": 0.46808510638297873
    }
  },
  "theta_suggestion": {
    "river_p10": 0.0,
    "river_p15": 0.0,
    "river_p20": 0.0,
    "river_p80": 1.0,
    "river_p85": 1.0,
    "river_p90": 1.0
  },
  "total_hands_scanned": 2059400,
  "showdown_hands": 272602,
  "mc_samples_used": 120
}