{
  "total_records": 4298389,
  "overall": {
    "quantiles": {
      "n": 4298389,
      "mean": 1.069013074897539,
      "p05": 0.3125,
      "p10": 0.35,
      "p25": 0.5,
      "p50": 1.0,
      "p75": 1.6666666666666667,
      "p90": 1.6666666666666667,
      "p95": 2.0
    },
    "histogram_bins": [
      0,
      0.15,
      0.25,
      0.33,
      0.4,
      0.5,
      0.6,
      0.66,
      0.75,
      0.85,
      1.0,
      1.25,
      1.5,
      2.0,
      3.0,
      10.0
    ],
    "histogram_counts": [
      312,
      4634,
      240133,
      318781,
      87640,
      497659,
      176493,
      338352,
      169903,
      32445,
      604444,
      644252,
      854997,
      324940,
      3404
    ],
    "peaks": [
      {
        "bin_range": [
          0.33,
          0.4
        ],
        "count": 318781,
        "fraction": 0.07416290149635131
      },
      {
        "bin_range": [
          0.5,
          0.6
        ],
        "count": 497659,
        "fraction": 0.11577802753543245
      },
      {
        "bin_range": [
          0.66,
          0.75
        ],
        "count": 338352,
        "fraction": 0.07871600266983747
      },
      {
        "bin_range": [
          1.5,
          2.0
        ],
        "count": 854997,
        "fraction": 0.1989110338780413
      }
    ]
  },
  "by_street_action": {
    "preflop_raises": {
      "quantiles": {
        "n": 2239907,
        "mean": 1.5142033113340274,
        "p05": 1.0,
        "p10": 1.0,
        "p25": 1.3333333333333333,
        "p50": 1.6666666666666667,
        "p75": 1.6666666666666667,
        "p90": 2.0,
        "p95": 2.25
      },
      "histogram_counts": [
        0,
        0,
        0,
        0,
        0,
        175,
        0,
        14,
        658,
        41,
        481239,
        592402,
        840324,
        322134,
        2920
      ],
      "peaks": [
        {
          "bin_range": [
            1.5,
            2.0
          ],
          "count": 840324,
          "fraction": 0.37516021870550875
        }
      ]
    },
    "turn_bets": {
      "quantiles": {
        "n": 567113,
        "mean": 0.6214414857032945,
        "p05": 0.35714285714285715,
        "p10": 0.42857142857142855,
        "p25": 0.5,
        "p50": 0.6666666666666666,
        "p75": 0.7,
        "p90": 0.75,
        "p95": 0.75
      },
      "histogram_counts": [
        5,
        226,
        8481,
        37001,
        20544,
        113856,
        101494,
        184383,
        91478,
        2777,
        4541,
        732,
        1015,
        490,
        90
      ],
      "peaks": [
        {
          "bin_range": [
            0.33,
            0.4
          ],
          "count": 37001,
          "fraction": 0.06524449272014572
        },
        {
          "bin_range": [
            0.5,
            0.6
          ],
          "count": 113856,
          "fraction": 0.20076422159252214
        },
        {
          "bin_range": [
            0.66,
            0.75
          ],
          "count": 184383,
          "fraction": 0.3251256804199516
        }
      ]
    },
    "flop_bets": {
      "quantiles": {
        "n": 997308,
        "mean": 0.4402813051035153,
        "p05": 0.25,
        "p10": 0.3,
        "p25": 0.3333333333333333,
        "p50": 0.4,
        "p75": 0.5,
        "p90": 0.6666666666666666,
        "p95": 0.7
      },
      "histogram_counts": [
        55,
        3037,
        216074,
        252989,
        50940,
        315915,
        38190,
        89780,
        27675,
        198,
        1323,
        207,
        396,
        431,
        98
      ],
      "peaks": [
        {
          "bin_range": [
            0.33,
            0.4
          ],
          "count": 252989,
          "fraction": 0.25367188471364915
        },
        {
          "bin_range": [
            0.5,
            0.6
          ],
          "count": 315915,
          "fraction": 0.31676773875272235
        },
        {
          "bin_range": [
            0.66,
            0.75
          ],
          "count": 89780,
          "fraction": 0.09002234013965596
        }
      ]
    },
    "flop_raises": {
      "quantiles": {
        "n": 177648,
        "mean": 1.099210723001459,
        "p05": 0.75,
        "p10": 0.8,
        "p25": 0.9411764705882353,
        "p50": 1.0909090909090908,
        "p75": 1.2307692307692308,
        "p90": 1.3571428571428572,
        "p95": 1.4545454545454546
      },
      "histogram_counts": [
        0,
        0,
        0,
        2,
        77,
        317,
        1238,
        3264,
        17273,
        23261,
        88467,
        35951,
        7172,
        498,
        128
      ],
      "peaks": [
        {
          "bin_range": [
            1.0,
            1.25
          ],
          "count": 88467,
          "fraction": 0.49799040799783845
        }
      ]
    },
    "river_bets": {
      "quantiles": {
        "n": 271859,
        "mean": 0.6002483578432498,
        "p05": 0.3125,
        "p10": 0.3333333333333333,
        "p25": 0.5,
        "p50": 0.6,
        "p75": 0.7,
        "p90": 0.75,
        "p95": 0.9852941176470589
      },
      "histogram_counts": [
        251,
        1370,
        15577,
        28783,
        16031,
        67255,
        35424,
        60272,
        30444,
        2865,
        8776,
        1485,
        2299,
        907,
        120
      ],
      "peaks": [
        {
          "bin_range": [
            0.33,
            0.4
          ],
          "count": 28783,
          "fraction": 0.10587473653621915
        },
        {
          "bin_range": [
            0.5,
            0.6
          ],
          "count": 67255,
          "fraction": 0.24738927164449218
        },
        {
          "bin_range": [
            0.66,
            0.75
          ],
          "count": 60272,
          "fraction": 0.22170316230104575
        }
      ]
    },
    "turn_raises": {
      "quantiles": {
        "n": 38227,
        "mean": 1.2052282086846002,
        "p05": 0.8333333333333334,
        "p10": 0.9230769230769231,
        "p25": 1.0526315789473684,
        "p50": 1.2,
        "p75": 1.3333333333333333,
        "p90": 1.4705882352941178,
        "p95": 1.5833333333333333
      },
      "histogram_counts": [
        0,
        0,
        0,
        0,
        10,
        60,
        52,
        335,
        1698,
        2675,
        17805,
        12119,
        3139,
        306,
        28
      ],
      "peaks": [
        {
          "bin_range": [
            1.0,
            1.25
          ],
          "count": 17805,
          "fraction": 0.46577026708870695
        }
      ]
    },
    "river_raises": {
      "quantiles": {
        "n": 6327,
        "mean": 1.1550606868847288,
        "p05": 0.6666666666666666,
        "p10": 0.75,
        "p25": 0.9259259259259259,
        "p50": 1.125,
        "p75": 1.3235294117647058,
        "p90": 1.5789473684210527,
        "p95": 1.75
      },
      "histogram_counts": [
        1,
        1,
        1,
        6,
        38,
        81,
        95,
        304,
        677,
        628,
        2293,
        1356,
        652,
        174,
        20
      ],
      "peaks": [
        {
          "bin_range": [
            0.75,
            0.85
          ],
          "count": 677,
          "fraction": 0.10700173858068594
        },
        {
          "bin_range": [
            1.0,
            1.25
          ],
          "count": 2293,
          "fraction": 0.36241504662557295
        }
      ]
    }
  },
  "by_equity": {
    "pure_bluff_eq_lt_0.20": {
      "quantiles": {
        "n": 538917,
        "mean": 0.5986791284671072,
        "p05": 0.3,
        "p10": 0.32142857142857145,
        "p25": 0.4,
        "p50": 0.5833333333333334,
        "p75": 0.7,
        "p90": 0.8571428571428571,
        "p95": 1.125
      },